SampleID,N_predicted
CLY24.C8BC.1_VT_e0_p1,3.582828892
CLY24.C8BC.1_VT_e1_p1,3.288126761
CLY24.C8BC.1_VT_e2_p1,3.625695426
CLY24.C8BC.1_VT_e3_p1,3.396401086
CLY24.C8BC.10_VT_e0_p1,3.198097178
CLY24.C8BC.10_VT_e1_p1,2.66749215
CLY24.C8BC.10_VT_e2_p1,2.712838886
CLY24.C8BC.10_VT_e3_p1,3.009636937
CLY24.C8BC.13_VT_e0_p1,2.842276312
CLY24.C8BC.13_VT_e1_p1,3.096646118
CLY24.C8BC.13_VT_e2_p1,2.997038234
CLY24.C8BC.13_VT_e3_p1,2.662394387
CLY24.C8BC.18_VT_e0_p1,3.152025859
CLY24.C8BC.18_VT_e1_p1,3.617516071
CLY24.C8BC.18_VT_e2_p1,3.657557194
CLY24.C8BC.18_VT_e3_p1,3.091431969
CLY24.C8BC.21_VT_e0_p1,3.019246644
CLY24.C8BC.21_VT_e1_p1,3.220576166
CLY24.C8BC.21_VT_e2_p1,3.289807062
CLY24.C8BC.21_VT_e3_p1,3.283500586
CLY24.C8BC.24_VT_e0_p1,3.410641977
CLY24.C8BC.24_VT_e1_p1,3.54148281
CLY24.C8BC.24_VT_e2_p1,3.842179539
CLY24.C8BC.24_VT_e3_p1,3.632193823
CLY24.C8BC.27_VT_e0_p1,3.855935296
CLY24.C8BC.27_VT_e1_p1,2.781745069
CLY24.C8BC.27_VT_e2_p1,3.526507567
CLY24.C8BC.27_VT_e3_p1,3.607443423
CLY24.C8BC.30_VT_e0_p1,3.554541501
CLY24.C8BC.30_VT_e1_p1,3.342267985
CLY24.C8BC.30_VT_e2_p1,3.304969542
CLY24.C8BC.30_VT_e3_p1,3.137416503
CLY24.C8BC.301_VT_e0_p1,3.937027711
CLY24.C8BC.301_VT_e1_p1,4.334515924
CLY24.C8BC.301_VT_e2_p1,4.791105552
CLY24.C8BC.301_VT_e3_p1,4.004997912
CLY24.C8BC.304_VT_e0_p1,4.56871235
CLY24.C8BC.304_VT_e1_p1,4.180096638
CLY24.C8BC.304_VT_e2_p1,4.475420381
CLY24.C8BC.304_VT_e3_p1,4.239197563
CLY24.C8BC.307_VT_e0_p1,3.919469121
CLY24.C8BC.307_VT_e1_p1,4.076639971
CLY24.C8BC.307_VT_e2_p1,3.949648076
CLY24.C8BC.307_VT_e3_p1,3.700877201
CLY24.C8BC.31_VT_e1_p1,4.145775915
CLY24.C8BC.31_VT_e2_p1,4.104155269
CLY24.C8BC.31_VT_e3_p1,3.692406626
CLY24.C8BC.310_VT_e0_p1,4.225063435
CLY24.C8BC.310_VT_e1_p1,3.796940224
CLY24.C8BC.310_VT_e2_p1,4.618058972
CLY24.C8BC.310_VT_e3_p1,4.024476685
CLY24.C8BC.313_VT_e0_p1,3.918383559
CLY24.C8BC.313_VT_e1_p1,3.607420335
CLY24.C8BC.313_VT_e2_p1,3.773061432
CLY24.C8BC.313_VT_e3_p1,4.300466774
CLY24.C8BC.318_VT_e0_p1,4.011687667
CLY24.C8BC.318_VT_e1_p1,3.78070221
CLY24.C8BC.318_VT_e2_p1,4.31222815
CLY24.C8BC.318_VT_e3_p1,3.771666112
CLY24.C8BC.321_VT_e0_p1,4.081142435
CLY24.C8BC.321_VT_e1_p1,4.108515471
CLY24.C8BC.321_VT_e2_p1,3.954717485
CLY24.C8BC.321_VT_e3_p1,4.194874648
CLY24.C8BC.324_VT_e0_p1,4.029706385
CLY24.C8BC.324_VT_e1_p1,3.893942423
CLY24.C8BC.324_VT_e2_p1,4.229968471
CLY24.C8BC.324_VT_e3_p1,4.020229379
CLY24.C8BC.327_VT_e0_p1,3.856517751
CLY24.C8BC.327_VT_e1_p1,4.065725427
CLY24.C8BC.327_VT_e2_p1,4.349315197
CLY24.C8BC.327_VT_e3_p1,3.887141763
CLY24.C8BC.330_VT_e0_p1,3.878644552
CLY24.C8BC.330_VT_e1_p1,3.726980905
CLY24.C8BC.330_VT_e2_p1,4.007068567
CLY24.C8BC.330_VT_e3_p1,3.713263669
CLY24.C8BC.331_VT_e0_p1,4.09988275
CLY24.C8BC.331_VT_e1_p1,4.379284917
CLY24.C8BC.331_VT_e2_p1,4.451713204
CLY24.C8BC.331_VT_e3_p1,3.794258641
CLY24.C8BC.334_VT_e0_p1,4.263640768
CLY24.C8BC.334_VT_e1_p1,4.128984815
CLY24.C8BC.334_VT_e2_p1,4.425121452
CLY24.C8BC.334_VT_e3_p1,3.879649297
CLY24.C8BC.337_VT_e0_p1,4.06934564
CLY24.C8BC.337_VT_e1_p1,3.926460761
CLY24.C8BC.337_VT_e2_p1,4.319694333
CLY24.C8BC.337_VT_e3_p1,3.840449294
CLY24.C8BC.340_VT_e0_p1,3.983359424
CLY24.C8BC.340_VT_e1_p1,4.332826616
CLY24.C8BC.340_VT_e2_p1,4.436823445
CLY24.C8BC.340_VT_e3_p1,3.903436383
CLY24.C8BC.343_VT_e0_p1,4.053901611
CLY24.C8BC.343_VT_e1_p1,3.437277675
CLY24.C8BC.343_VT_e2_p1,3.623424527
CLY24.C8BC.343_VT_e3_p1,3.847772332
CLY24.C8BC.346_VT_e0_p1,4.426486242
CLY24.C8BC.346_VT_e1_p1,4.217062132
CLY24.C8BC.346_VT_e2_p1,4.487667019
CLY24.C8BC.346_VT_e3_p1,4.327262948
CLY24.C8BC.351_VT_e0_p1,4.086548996
CLY24.C8BC.351_VT_e1_p1,4.028694871
CLY24.C8BC.351_VT_e2_p1,4.435599093
CLY24.C8BC.351_VT_e3_p1,4.241551611
CLY24.C8BC.354_VT_e0_p1,3.790044649
CLY24.C8BC.354_VT_e1_p1,3.558031264
CLY24.C8BC.354_VT_e2_p1,4.183604059
CLY24.C8BC.354_VT_e3_p1,4.113485844
CLY24.C8BC.357_VT_e0_p1,4.352029822
CLY24.C8BC.357_VT_e1_p1,4.192860816
CLY24.C8BC.357_VT_e2_p1,4.328300218
CLY24.C8BC.357_VT_e3_p1,4.026895782
CLY24.C8BC.360_VT_e0_p1,4.135369189
CLY24.C8BC.360_VT_e1_p1,3.415715875
CLY24.C8BC.360_VT_e2_p1,4.087672641
CLY24.C8BC.360_VT_e3_p1,3.903972363
CLY24.C8BC.361_VT_e0_p1,4.318385367
CLY24.C8BC.361_VT_e1_p1,4.512442144
CLY24.C8BC.361_VT_e2_p1,4.207178167
CLY24.C8BC.361_VT_e3_p1,3.899124537
CLY24.C8BC.364_VT_e0_p1,3.960890869
CLY24.C8BC.364_VT_e1_p1,4.268482805
CLY24.C8BC.364_VT_e2_p1,4.023655329
CLY24.C8BC.364_VT_e3_p1,3.906009416
CLY24.C8BC.367_VT_e0_p1,3.843965711
CLY24.C8BC.367_VT_e1_p1,4.05268336
CLY24.C8BC.367_VT_e2_p1,3.757152788
CLY24.C8BC.367_VT_e3_p1,4.528450041
CLY24.C8BC.370_VT_e0_p1,4.055019918
CLY24.C8BC.370_VT_e1_p1,3.597447723
CLY24.C8BC.370_VT_e2_p1,4.100531835
CLY24.C8BC.370_VT_e3_p1,3.903704133
CLY24.C8BC.373_VT_e0_p1,3.915217873
CLY24.C8BC.373_VT_e1_p1,3.96416702
CLY24.C8BC.373_VT_e2_p1,3.69907592
CLY24.C8BC.373_VT_e3_p1,4.107955578
CLY24.C8BC.4_VT_e0_p1,3.21788495
CLY24.C8BC.4_VT_e1_p1,3.409759719
CLY24.C8BC.4_VT_e2_p1,3.890758828
CLY24.C8BC.4_VT_e3_p1,3.42584282
CLY24.C8BC.40_VT_e0_p1,3.496208954
CLY24.C8BC.43_VT_e0_p1,3.704208454
CLY24.C8BC.43_VT_e1_p1,3.876267265
CLY24.C8BC.43_VT_e2_p1,3.755215079
CLY24.C8BC.43_VT_e3_p1,3.805656672
CLY24.C8BC.48_VT_e0_p1,3.748793527
CLY24.C8BC.48_VT_e1_p1,3.558599784
CLY24.C8BC.48_VT_e2_p1,3.746140248
CLY24.C8BC.48_VT_e3_p1,3.513937907
CLY24.C8BC.51_VT_e0_p1,3.806115741
CLY24.C8BC.51_VT_e1_p1,3.636958519
CLY24.C8BC.51_VT_e2_p1,3.792483116
CLY24.C8BC.54_VT_e0_p1,3.34648276
CLY24.C8BC.54_VT_e1_p1,3.030819748
CLY24.C8BC.54_VT_e2_p1,3.839357738
CLY24.C8BC.54_VT_e3_p1,3.974995362
CLY24.C8BC.57_VT_e1_p1,3.279504049
CLY24.C8BC.57_VT_e3_p1,3.996612651
CLY24.C8BC.60_VT_e0_p1,3.873744836
CLY24.C8BC.60_VT_e1_p1,3.494151292
CLY24.C8BC.60_VT_e2_p1,4.019594671
CLY24.C8BC.60_VT_e3_p1,3.637499879
CLY24.C8BC.61_VT_e0_p1,4.164888941
CLY24.C8BC.61_VT_e1_p1,4.088642827
CLY24.C8BC.61_VT_e2_p1,3.844775162
CLY24.C8BC.61_VT_e3_p1,3.896940706
CLY24.C8BC.64_VT_e0_p1,3.400648908
CLY24.C8BC.64_VT_e1_p1,3.176998358
CLY24.C8BC.64_VT_e2_p1,3.797071726
CLY24.C8BC.67_VT_e0_p1,2.800886633
CLY24.C8BC.67_VT_e1_p1,2.747717333
CLY24.C8BC.67_VT_e2_p1,2.783016878
CLY24.C8BC.67_VT_e3_p1,2.623567519
CLY24.C8BC.7_VT_e1_p1,2.71136239
CLY24.C8BC.7_VT_e2_p1,3.523496902
CLY24.C8BC.7_VT_e3_p1,3.822138161
CLY24.C8BC.70_VT_e1_p1,3.361886014
CLY24.C8BC.70_VT_e2_p1,3.604416108
CLY24.C8BC.70_VT_e3_p1,3.766195487
CLY24.C8BC.73_VT_e0_p1,3.714691209
CLY24.C8BC.73_VT_e1_p1,3.271604034
CLY24.C8BC.73_VT_e2_p1,4.014921428
CLY24.C8BC.73_VT_e3_p1,4.205256999
CLY24.C8BC.1_v13_l10_p1,4.369328369
CLY24.C8BC.1_v13_l13_p1,4.011768656
CLY24.C8BC.1_v13_l7_p1,4.630183681
CLY24.C8BC.10_v13_l10_p1,4.199214397
CLY24.C8BC.10_v13_l13_p1,3.479716899
CLY24.C8BC.10_v13_l7_p1,3.496561238
CLY24.C8BC.13_v13_l10_p1,4.11196748
CLY24.C8BC.13_v13_l13_p1,3.596146369
CLY24.C8BC.13_v13_l7_p1,3.784992198
CLY24.C8BC.18_v13_l10_p1,4.399626996
CLY24.C8BC.18_v13_l13_p1,3.973089952
CLY24.C8BC.18_v13_l7_p1,3.893094398
CLY24.C8BC.21_v13_l10_p1,4.76006631
CLY24.C8BC.21_v13_l13_p1,4.517391045
CLY24.C8BC.21_v13_l7_p1,4.406897068
CLY24.C8BC.24_v13_l10_p1,3.626961504
CLY24.C8BC.24_v13_l13_p1,3.665998571
CLY24.C8BC.24_v13_l7_p1,4.282274574
CLY24.C8BC.27_v13_l10_p1,4.406088559
CLY24.C8BC.27_v13_l13_p1,3.959617185
CLY24.C8BC.27_v13_l7_p1,4.456153407
CLY24.C8BC.30_v13_l10_p1,4.312692781
CLY24.C8BC.30_v13_l13_p1,4.337460304
CLY24.C8BC.30_v13_l7_p1,4.179170496
CLY24.C8BC.301_v13_l10_p1,3.931654088
CLY24.C8BC.301_v13_l13_p1,3.921438487
CLY24.C8BC.301_v13_l7_p1,3.0580613
CLY24.C8BC.304_v13_l10_p1,4.864625397
CLY24.C8BC.304_v13_l13_p1,4.433024592
CLY24.C8BC.304_v13_l7_p1,4.802377398
CLY24.C8BC.307_v13_l10_p1,3.547123454
CLY24.C8BC.307_v13_l13_p1,3.82995364
CLY24.C8BC.307_v13_l7_p1,5.044734187
CLY24.C8BC.31_v13_l10_p1,4.292719451
CLY24.C8BC.31_v13_l13_p1,4.183721287
CLY24.C8BC.31_v13_l7_p1,4.544079337
CLY24.C8BC.310_v13_l10_p1,4.389122688
CLY24.C8BC.310_v13_l13_p1,4.186738955
CLY24.C8BC.310_v13_l7_p1,4.453890945
CLY24.C8BC.313_v13_l10_p1,3.756868807
CLY24.C8BC.313_v13_l13_p1,3.821525639
CLY24.C8BC.313_v13_l7_p1,4.030171247
CLY24.C8BC.318_v13_l10_p1,4.105201966
CLY24.C8BC.318_v13_l13_p1,4.092565401
CLY24.C8BC.318_v13_l7_p1,3.30685653
CLY24.C8BC.321_v13_l10_p1,4.131174371
CLY24.C8BC.321_v13_l13_p1,3.884627252
CLY24.C8BC.321_v13_l7_p1,4.154238662
CLY24.C8BC.331_v13_l10_p1,4.438142032
CLY24.C8BC.331_v13_l13_p1,3.961623744
CLY24.C8BC.331_v13_l7_p1,4.795037812
CLY24.C8BC.334_v13_l10_p1,4.338012798
CLY24.C8BC.334_v13_l13_p1,3.878300833
CLY24.C8BC.334_v13_l7_p1,4.406320244
CLY24.C8BC.337_v13_l10_p1,4.024412286
CLY24.C8BC.337_v13_l13_p1,4.132395888
CLY24.C8BC.337_v13_l7_p1,3.793438296
CLY24.C8BC.34_v13_l10_p1,4.553833034
CLY24.C8BC.34_v13_l13_p1,4.183859589
CLY24.C8BC.34_v13_l7_p1,4.813811539
CLY24.C8BC.348_v13_l10_p1,4.396285176
CLY24.C8BC.348_v13_l13_p1,4.201923459
CLY24.C8BC.348_v13_l7_p1,4.613795603
CLY24.C8BC.351_v13_l10_p1,4.455754239
CLY24.C8BC.351_v13_l13_p1,4.170056729
CLY24.C8BC.351_v13_l7_p1,3.716116082
CLY24.C8BC.354_v13_l10_p1,4.301336546
CLY24.C8BC.354_v13_l13_p1,3.961282414
CLY24.C8BC.354_v13_l7_p1,4.185848518
CLY24.C8BC.357_v13_l10_p1,4.361033431
CLY24.C8BC.357_v13_l13_p1,4.724560189
CLY24.C8BC.357_v13_l7_p1,4.538307478
CLY24.C8BC.360_v13_l10_p1,3.933605988
CLY24.C8BC.360_v13_l13_p1,4.113200245
CLY24.C8BC.360_v13_l7_p1,3.569763185
CLY24.C8BC.361_v13_l10_p1,3.94842786
CLY24.C8BC.361_v13_l13_p1,4.083481589
CLY24.C8BC.361_v13_l7_p1,4.344970347
CLY24.C8BC.363_v13_l10_p1,4.485604959
CLY24.C8BC.363_v13_l13_p1,4.131678975
CLY24.C8BC.363_v13_l7_p1,4.414271768
CLY24.C8BC.364_v13_l10_p1,4.397233343
CLY24.C8BC.364_v13_l13_p1,3.734134736
CLY24.C8BC.364_v13_l7_p1,3.827685586
CLY24.C8BC.37_v13_l10_p1,4.392777075
CLY24.C8BC.37_v13_l13_p1,4.145938487
CLY24.C8BC.37_v13_l7_p1,4.513996284
CLY24.C8BC.4_v13_l10_p1,4.742520636
CLY24.C8BC.4_v13_l13_p1,4.207829783
CLY24.C8BC.4_v13_l7_p1,4.436830896
CLY24.C8BC.40_v13_l10_p1,10.39639723
CLY24.C8BC.40_v13_l13_p1,8.9837024
CLY24.C8BC.40_v13_l7_p1,8.321839889
CLY24.C8BC.43_v13_l10_p1,4.40148381
CLY24.C8BC.43_v13_l13_p1,4.087970036
CLY24.C8BC.43_v13_l7_p1,4.126454571
CLY24.C8BC.48_v13_l10_p1,4.422920556
CLY24.C8BC.48_v13_l13_p1,4.242929162
CLY24.C8BC.48_v13_l7_p1,4.178390507
CLY24.C8BC.51_v13_l10_p1,4.393330784
CLY24.C8BC.51_v13_l13_p1,4.398783291
CLY24.C8BC.51_v13_l7_p1,4.379358287
CLY24.C8BC.54_v13_l10_p1,4.55216433
CLY24.C8BC.54_v13_l13_p1,4.00444426
CLY24.C8BC.54_v13_l7_p1,4.724325023
CLY24.C8BC.57_v13_l10_p1,4.7562214
CLY24.C8BC.57_v13_l13_p1,4.305693934
CLY24.C8BC.57_v13_l7_p1,3.868579752
CLY24.C8BC.60_v13_l10_p1,4.074802256
CLY24.C8BC.60_v13_l13_p1,3.449344024
CLY24.C8BC.60_v13_l7_p1,2.883013369
CLY24.C8BC.61_v13_l10_p1,4.369800308
CLY24.C8BC.61_v13_l13_p1,3.844483549
CLY24.C8BC.61_v13_l7_p1,3.982918979
CLY24.C8BC.64_v13_l10_p1,4.011882254
CLY24.C8BC.64_v13_l13_p1,3.887359916
CLY24.C8BC.64_v13_l7_p1,4.216068817
CLY24.C8BC.67_v13_l10_p1,4.598221322
CLY24.C8BC.67_v13_l13_p1,4.077547976
CLY24.C8BC.67_v13_l7_p1,3.988965633
CLY24.C8BC.7_v13_l10_p1,4.139215445
CLY24.C8BC.7_v13_l13_p1,4.025815309
CLY24.C8BC.7_v13_l7_p1,4.335186446
CLY24.C8BC.70_v13_l10_p1,4.442047496
CLY24.C8BC.70_v13_l13_p1,4.027242405
CLY24.C8BC.70_v13_l7_p1,3.632623156
CLY24.C8BC.73_v13_l10_p1,4.309608671
CLY24.C8BC.73_v13_l13_p1,3.971593424
CLY24.C8BC.73_v13_l7_p1,4.044122232
CLY24.C8BC.76_v13_l10_p1,4.469663415
CLY24.C8BC.76_v13_l13_p1,3.693314553
CLY24.C8BC.76_v13_l7_p1,4.253433158
CLY24.C8BC.79_v13_l10_p1,4.446712628
CLY24.C8BC.79_v13_l13_p1,3.655207671
CLY24.C8BC.79_v13_l7_p1,4.31485365
CLY24.C8BC.82_v13_l10_p1,4.627224925
CLY24.C8BC.82_v13_l13_p1,4.503189555
CLY24.C8BC.82_v13_l7_p1,4.225238216
CLY24.C8BC.85_v13_l10_p1,4.628291343
CLY24.C8BC.85_v13_l13_p1,4.537830579
CLY24.C8BC.85_v13_l7_p1,4.665599644
CLY24.C8BC.88_v13_l10_p1,4.044479402
CLY24.C8BC.88_v13_l13_p1,4.182609838
CLY24.C8BC.88_v13_l7_p1,4.336896285
CLY24.C8BC.1_R2_e1_p1,2.95129173
CLY24.C8BC.1_R2_e2_p1,2.976800229
CLY24.C8BC.1_R2_e3_p1,2.383306527
CLY24.C8BC.1_R2_e4_p1,3.465201691
CLY24.C8BC.10_R2_e1_p1,2.043895823
CLY24.C8BC.10_R2_e2_p1,1.987610791
CLY24.C8BC.10_R2_e3_p1,1.806953826
CLY24.C8BC.10_R2_e4_p1,2.290435072
CLY24.C8BC.13_R2_e1_p1,2.723893964
CLY24.C8BC.13_R2_e2_p1,2.526013972
CLY24.C8BC.13_R2_e3_p1,2.405182594
CLY24.C8BC.13_R2_e4_p1,2.569422947
CLY24.C8BC.18_R2_e1_p1,3.108757721
CLY24.C8BC.18_R2_e2_p1,3.257027759
CLY24.C8BC.18_R2_e3_p1,2.792288666
CLY24.C8BC.18_R2_e4_p1,2.781778341
CLY24.C8BC.21_R2_e1_p1,3.127099798
CLY24.C8BC.21_R2_e2_p1,2.384953678
CLY24.C8BC.21_R2_e3_p1,2.299438016
CLY24.C8BC.21_R2_e4_p1,2.993975328
CLY24.C8BC.24_R2_e1_p1,2.539871399
CLY24.C8BC.24_R2_e2_p1,2.953130661
CLY24.C8BC.24_R2_e3_p1,3.167217453
CLY24.C8BC.24_R2_e4_p1,3.420643365
CLY24.C8BC.27_R2_e1_p1,2.735419509
CLY24.C8BC.27_R2_e2_p1,3.484441019
CLY24.C8BC.27_R2_e3_p1,3.118279049
CLY24.C8BC.27_R2_e4_p1,2.982278076
CLY24.C8BC.30_R2_e1_p1,3.073185253
CLY24.C8BC.30_R2_e2_p1,3.741626729
CLY24.C8BC.30_R2_e3_p1,3.430577426
CLY24.C8BC.30_R2_e4_p1,3.655393917
CLY24.C8BC.301_R2_e1_p1,3.186445046
CLY24.C8BC.301_R2_e2_p1,3.375949247
CLY24.C8BC.301_R2_e4_p1,3.593637068
CLY24.C8BC.304_R2_e1_p1,3.396682265
CLY24.C8BC.304_R2_e2_p1,3.976167653
CLY24.C8BC.304_R2_e3_p1,3.614278573
CLY24.C8BC.304_R2_e4_p1,2.954486184
CLY24.C8BC.307_R2_e1_p1,3.270190579
CLY24.C8BC.307_R2_e2_p1,3.581313239
CLY24.C8BC.307_R2_e3_p1,3.293660604
CLY24.C8BC.307_R2_e4_p1,3.609863054
CLY24.C8BC.31_R2_e1_p1,3.167326455
CLY24.C8BC.31_R2_e2_p1,3.199095624
CLY24.C8BC.31_R2_e3_p1,2.606327293
CLY24.C8BC.31_R2_e4_p1,2.783444674
CLY24.C8BC.310_R2_e1_p1,3.467354335
CLY24.C8BC.310_R2_e2_p1,3.437088149
CLY24.C8BC.310_R2_e3_p1,3.170962839
CLY24.C8BC.310_R2_e4_p1,3.473120749
CLY24.C8BC.313_R2_e1_p1,3.13762836
CLY24.C8BC.313_R2_e2_p1,2.923611943
CLY24.C8BC.313_R2_e3_p1,3.053795542
CLY24.C8BC.313_R2_e4_p1,3.14296675
CLY24.C8BC.318_R2_e1_p1,3.679304408
CLY24.C8BC.318_R2_e2_p1,3.568329895
CLY24.C8BC.318_R2_e3_p1,3.164991424
CLY24.C8BC.318_R2_e4_p1,2.881824635
CLY24.C8BC.321_R2_e1_p1,3.373238555
CLY24.C8BC.321_R2_e2_p1,3.436249707
CLY24.C8BC.321_R2_e3_p1,3.723731672
CLY24.C8BC.321_R2_e4_p1,3.581139889
CLY24.C8BC.324_R2_e1_p1,3.218130213
CLY24.C8BC.324_R2_e2_p1,3.295955325
CLY24.C8BC.324_R2_e3_p1,3.352952607
CLY24.C8BC.324_R2_e4_p1,3.45929688
CLY24.C8BC.327_R2_e1_p1,2.916801817
CLY24.C8BC.327_R2_e2_p1,3.44899898
CLY24.C8BC.327_R2_e3_p1,3.774243981
CLY24.C8BC.327_R2_e4_p1,3.428351618
CLY24.C8BC.330_R2_e1_p1,2.932074427
CLY24.C8BC.330_R2_e2_p1,3.602753641
CLY24.C8BC.330_R2_e3_p1,3.189267197
CLY24.C8BC.330_R2_e4_p1,3.44912227
CLY24.C8BC.331_R2_e1_p1,3.611252247
CLY24.C8BC.331_R2_e2_p1,3.940350179
CLY24.C8BC.331_R2_e3_p1,3.951985498
CLY24.C8BC.331_R2_e4_p1,3.360814694
CLY24.C8BC.334_R2_e1_p1,3.950983531
CLY24.C8BC.334_R2_e2_p1,3.950718093
CLY24.C8BC.334_R2_e3_p1,4.066216475
CLY24.C8BC.334_R2_e4_p1,3.775755549
CLY24.C8BC.337_R2_e1_p1,3.373994941
CLY24.C8BC.337_R2_e2_p1,3.869028504
CLY24.C8BC.337_R2_e3_p1,3.352697149
CLY24.C8BC.337_R2_e4_p1,2.797141719
CLY24.C8BC.34_R2_e1_p1,3.187414449
CLY24.C8BC.34_R2_e2_p1,2.801779188
CLY24.C8BC.34_R2_e3_p1,2.20736998
CLY24.C8BC.34_R2_e4_p1,2.400231407
CLY24.C8BC.340_R2_e1_p1,3.362179185
CLY24.C8BC.340_R2_e2_p1,3.680547804
CLY24.C8BC.340_R2_e3_p1,3.693259729
CLY24.C8BC.340_R2_e4_p1,3.694481255
CLY24.C8BC.343_R2_e1_p1,2.005376305
CLY24.C8BC.343_R2_e2_p1,3.071621942
CLY24.C8BC.343_R2_e3_p1,1.587202709
CLY24.C8BC.343_R2_e4_p1,2.662651201
CLY24.C8BC.348_R2_e1_p1,3.01184878
CLY24.C8BC.348_R2_e2_p1,3.598110234
CLY24.C8BC.348_R2_e3_p1,2.975051745
CLY24.C8BC.348_R2_e4_p1,3.125689447
CLY24.C8BC.351_R2_e1_p1,3.550914149
CLY24.C8BC.351_R2_e2_p1,3.451760583
CLY24.C8BC.351_R2_e3_p1,3.662662454
CLY24.C8BC.351_R2_e4_p1,3.986093048
CLY24.C8BC.354_R2_e1_p1,3.389451622
CLY24.C8BC.354_R2_e2_p1,3.711571611
CLY24.C8BC.354_R2_e3_p1,3.765599781
CLY24.C8BC.354_R2_e4_p1,4.055124253
CLY24.C8BC.357_R2_e1_p1,3.916531628
CLY24.C8BC.357_R2_e2_p1,3.873921193
CLY24.C8BC.357_R2_e3_p1,4.136135793
CLY24.C8BC.357_R2_e4_p1,4.296087008
CLY24.C8BC.360_R2_e1_p1,3.081567161
CLY24.C8BC.360_R2_e2_p1,3.752490166
CLY24.C8BC.360_R2_e3_p1,3.490242523
CLY24.C8BC.360_R2_e4_p1,3.37487702
CLY24.C8BC.361_R2_e1_p1,3.287139203
CLY24.C8BC.361_R2_e2_p1,3.73639716
CLY24.C8BC.361_R2_e3_p1,3.689914989
CLY24.C8BC.361_R2_e4_p1,3.418310608
CLY24.C8BC.364_R2_e1_p1,3.404625305
CLY24.C8BC.364_R2_e2_p1,3.615619746
CLY24.C8BC.364_R2_e3_p1,3.94175149
CLY24.C8BC.364_R2_e4_p1,3.790774055
CLY24.C8BC.367_R2_e1_p1,2.928642398
CLY24.C8BC.367_R2_e2_p1,3.621444391
CLY24.C8BC.367_R2_e3_p1,3.498651932
CLY24.C8BC.367_R2_e4_p1,3.265258085
CLY24.C8BC.37_R2_e0_p1,2.737138999
CLY24.C8BC.37_R2_e1_p1,2.232322594
CLY24.C8BC.37_R2_e2_p1,3.018777715
CLY24.C8BC.37_R2_e3_p1,2.668368133
CLY24.C8BC.370_R2_e1_p1,3.064294093
CLY24.C8BC.370_R2_e2_p1,3.623501315
CLY24.C8BC.370_R2_e3_p1,3.532044565
CLY24.C8BC.370_R2_e4_p1,3.200787529
CLY24.C8BC.373_R2_e1_p1,3.46523133
CLY24.C8BC.373_R2_e2_p1,3.47335632
CLY24.C8BC.373_R2_e3_p1,3.500766145
CLY24.C8BC.373_R2_e4_p1,3.355039227
CLY24.C8BC.4_R2_e1_p1,3.071713623
CLY24.C8BC.4_R2_e2_p1,3.086147302
CLY24.C8BC.4_R2_e3_p1,2.642617661
CLY24.C8BC.4_R2_e4_p1,3.089440172
CLY24.C8BC.40_R2_e0_p1,2.278191254
CLY24.C8BC.40_R2_e1_p1,2.647821344
CLY24.C8BC.40_R2_e2_p1,2.650368245
CLY24.C8BC.40_R2_e3_p1,1.649128318
CLY24.C8BC.43_R2_e1_p1,3.184341458
CLY24.C8BC.43_R2_e2_p1,3.783948659
CLY24.C8BC.43_R2_e3_p1,3.450351494
CLY24.C8BC.43_R2_e4_p1,3.955358075
CLY24.C8BC.48_R2_e0_p1,3.095384161
CLY24.C8BC.48_R2_e1_p1,3.07039468
CLY24.C8BC.48_R2_e2_p1,3.017627788
CLY24.C8BC.48_R2_e3_p1,2.800030396
CLY24.C8BC.51_R2_e1_p1,3.809254263
CLY24.C8BC.51_R2_e2_p1,3.590667287
CLY24.C8BC.51_R2_e3_p1,3.487748327
CLY24.C8BC.51_R2_e4_p1,3.807889198
CLY24.C8BC.54_R2_e0_p1,2.775020741
CLY24.C8BC.54_R2_e1_p1,2.029184586
CLY24.C8BC.54_R2_e2_p1,2.585896219
CLY24.C8BC.54_R2_e3_p1,2.351022251
CLY24.C8BC.57_R2_e1_p1,2.499067353
CLY24.C8BC.57_R2_e2_p1,2.840676057
CLY24.C8BC.57_R2_e3_p1,2.454236016
CLY24.C8BC.57_R2_e4_p1,3.335292842
CLY24.C8BC.60_R2_e1_p1,3.840898326
CLY24.C8BC.60_R2_e2_p1,3.009233501
CLY24.C8BC.60_R2_e3_p1,3.401445014
CLY24.C8BC.60_R2_e4_p1,3.484919487
CLY24.C8BC.61_R2_e0_p1,3.680543617
CLY24.C8BC.61_R2_e1_p1,3.310296342
CLY24.C8BC.61_R2_e2_p1,3.794938466
CLY24.C8BC.61_R2_e3_p1,3.589534628
CLY24.C8BC.64_R2_e1_p1,2.994603543
CLY24.C8BC.64_R2_e2_p1,3.598465092
CLY24.C8BC.64_R2_e3_p1,3.791849086
CLY24.C8BC.64_R2_e4_p1,3.825091774
CLY24.C8BC.67_R2_e1_p1,2.708490356
CLY24.C8BC.67_R2_e2_p1,3.902403014
CLY24.C8BC.67_R2_e3_p1,3.183762327
CLY24.C8BC.67_R2_e4_p1,3.645725398
CLY24.C8BC.7_R2_e1_p1,3.072321942
CLY24.C8BC.7_R2_e2_p1,3.138524543
CLY24.C8BC.7_R2_e3_p1,2.85451698
CLY24.C8BC.7_R2_e4_p1,3.572204084
CLY24.C8BC.70_R2_e1_p1,2.549663551
CLY24.C8BC.70_R2_e2_p1,3.359706414
CLY24.C8BC.70_R2_e3_p1,3.726952711
CLY24.C8BC.70_R2_e4_p1,3.500206249
CLY24.C8BC.73_R2_e0_p1,3.076395281
CLY24.C8BC.73_R2_e1_p1,2.460632734
CLY24.C8BC.73_R2_e2_p1,2.577672779
CLY24.C8BC.73_R2_e3_p1,2.998361289
CLY24.C8BC.1_PM_e1_p1,1.798649744
CLY24.C8BC.1_PM_e2_p1,2.602132315
CLY24.C8BC.1_PM_e3_p1,0.891115729
CLY24.C8BC.1_PM_e4_p1,2.898467129
CLY24.C8BC.10_PM_e1_p1,1.733752533
CLY24.C8BC.10_PM_e2_p1,1.808018715
CLY24.C8BC.10_PM_e3_p1,1.863344424
CLY24.C8BC.10_PM_e4_p1,1.673776952
CLY24.C8BC.13_PM_e1_p1,2.655857352
CLY24.C8BC.13_PM_e2_p1,2.146759135
CLY24.C8BC.13_PM_e3_p1,2.085040072
CLY24.C8BC.13_PM_e4_p1,1.858986493
CLY24.C8BC.18_PM_e1_p1,1.908850988
CLY24.C8BC.18_PM_e2_p1,3.040272372
CLY24.C8BC.18_PM_e3_p1,2.623182608
CLY24.C8BC.18_PM_e4_p1,2.681333129
CLY24.C8BC.21_PM_e1_p1,0.841973294
CLY24.C8BC.21_PM_e2_p1,2.645006431
CLY24.C8BC.21_PM_e3_p1,3.012798567
CLY24.C8BC.21_PM_e4_p1,1.247274561
CLY24.C8BC.24_PM_e1_p1,2.508857369
CLY24.C8BC.24_PM_e2_p1,3.296487681
CLY24.C8BC.24_PM_e3_p1,3.142443057
CLY24.C8BC.24_PM_e4_p1,2.598417877
CLY24.C8BC.27_PM_e2_p1_198.asd,1.213830435
CLY24.C8BC.27_PM_e2_p1_199.asd,1.48934887
CLY24.C8BC.27_PM_e2_p1_200.asd,0.988056599
CLY24.C8BC.27_PM_e2_p1_201.asd,2.56954295
CLY24.C8BC.27_PM_e2_p1_202.asd,2.707818623
CLY24.C8BC.27_PM_e2_p1_203.asd,2.557911399
CLY24.C8BC.27_PM_e3_p1,0.858842387
CLY24.C8BC.27_PM_e4_p1,0.612046791
CLY24.C8BC.30_PM_e1_p1,2.351968101
CLY24.C8BC.30_PM_e2_p1,2.066230983
CLY24.C8BC.30_PM_e3_p1,2.873063025
CLY24.C8BC.30_PM_e4_p1,3.130651524
CLY24.C8BC.301_PM_e1_p1,1.113302758
CLY24.C8BC.301_PM_e2_p1,1.160251018
CLY24.C8BC.301_PM_e3_p1,1.575405767
CLY24.C8BC.301_PM_e4_p1,1.212415109
CLY24.C8BC.304_PM_e1_p1,2.152943463
CLY24.C8BC.304_PM_e2_p1,1.294146246
CLY24.C8BC.304_PM_e3_p1,2.233439726
CLY24.C8BC.304_PM_e4_p1,2.379347201
CLY24.C8BC.307_PM_e1_p1,1.514055412
CLY24.C8BC.307_PM_e2_p1,3.434569963
CLY24.C8BC.307_PM_e3_p1,3.425021974
CLY24.C8BC.307_PM_e4_p1,3.966284181
CLY24.C8BC.31_PM_e1_p1,2.098931522
CLY24.C8BC.31_PM_e2_p1,2.416708255
CLY24.C8BC.31_PM_e3_p1,2.995831962
CLY24.C8BC.31_PM_e4_p1,3.596983889
CLY24.C8BC.310_PM_e1_p1,2.57513668
CLY24.C8BC.310_PM_e2_p1,2.92740969
CLY24.C8BC.310_PM_e3_p1,3.340389087
CLY24.C8BC.310_PM_e4_p1,3.350102031
CLY24.C8BC.313_PM_e1_p1,2.160917926
CLY24.C8BC.313_PM_e2_p1,2.986707561
CLY24.C8BC.313_PM_e3_p1,2.69305185
CLY24.C8BC.313_PM_e4_p1,1.992308986
CLY24.C8BC.318_PM_e1_p1,2.763898297
CLY24.C8BC.318_PM_e2_p1,2.38171895
CLY24.C8BC.318_PM_e3_p1,3.45481667
CLY24.C8BC.318_PM_e4_p1,2.710066761
CLY24.C8BC.321_PM_e1_p1,2.571954431
CLY24.C8BC.321_PM_e2_p1,3.383181517
CLY24.C8BC.321_PM_e3_p1,2.806563326
CLY24.C8BC.324_PM_e1_p1,1.723295457
CLY24.C8BC.324_PM_e2_p1,2.519190573
CLY24.C8BC.324_PM_e3_p1,3.109064743
CLY24.C8BC.324_PM_e4_p1,2.81297927
CLY24.C8BC.327_PM_e1_p1,1.900544414
CLY24.C8BC.327_PM_e2_p1,1.708903545
CLY24.C8BC.327_PM_e3_p1,2.650636118
CLY24.C8BC.327_PM_e4_p1,3.847958713
CLY24.C8BC.330_PM_e1_p1,4.663000027
CLY24.C8BC.330_PM_e2_p1,2.103623763
CLY24.C8BC.330_PM_e3_p1,3.609833089
CLY24.C8BC.330_PM_e4_p1,3.182500759
CLY24.C8BC.331_PM_e1_p1,1.649416125
CLY24.C8BC.331_PM_e2_p1,2.077723834
CLY24.C8BC.331_PM_e3_p1,3.492717396
CLY24.C8BC.331_PM_e4_p1,3.233463989
CLY24.C8BC.334_PM_e1_p1,1.975484062
CLY24.C8BC.334_PM_e2_p1,1.329977075
CLY24.C8BC.334_PM_e3_p1,1.055860256
CLY24.C8BC.334_PM_e4_p1,2.320051697
CLY24.C8BC.337_PM_e1_p1,3.6107869
CLY24.C8BC.337_PM_e2_p1,2.983911795
CLY24.C8BC.337_PM_e3_p1,2.6729642
CLY24.C8BC.337_PM_e4_p1,2.709575756
CLY24.C8BC.34_PM_e1_p1,2.690971158
CLY24.C8BC.34_PM_e2_p1,2.545141387
CLY24.C8BC.34_PM_e3_p1,1.35077152
CLY24.C8BC.34_PM_e4_p1,1.891914563
CLY24.C8BC.340_PM_e1_p1,1.842468244
CLY24.C8BC.340_PM_e2_p1,2.843351131
CLY24.C8BC.340_PM_e3_p1,3.556329075
CLY24.C8BC.340_PM_e4_p1,3.00059347
CLY24.C8BC.343_PM_e1_p1,2.38817284
CLY24.C8BC.343_PM_e2_p1,2.75618303
CLY24.C8BC.343_PM_e3_p1,3.312570622
CLY24.C8BC.343_PM_e4_p1,3.067864648
CLY24.C8BC.348_PM_e1_p1,1.193512106
CLY24.C8BC.348_PM_e2_p1,2.976973134
CLY24.C8BC.348_PM_e3_p1,2.991996731
CLY24.C8BC.348_PM_e4_p1,2.82090617
CLY24.C8BC.351_PM_e1_p1,1.934404443
CLY24.C8BC.351_PM_e2_p1,1.417996553
CLY24.C8BC.351_PM_e3_p1,0.906223418
CLY24.C8BC.351_PM_e4_p1,1.264702872
CLY24.C8BC.354_PM_e1_p1,2.091255792
CLY24.C8BC.354_PM_e2_p1,-0.722962956
CLY24.C8BC.354_PM_e3_p1,0.302588601
CLY24.C8BC.354_PM_e4_p1,2.256825135
CLY24.C8BC.357_PM_e1_p1,1.69910638
CLY24.C8BC.357_PM_e2_p1,5.469143245
CLY24.C8BC.357_PM_e3_p1,2.839266917
CLY24.C8BC.357_PM_e4_p1,2.224773932
CLY24.C8BC.360_PM_e1_p1,2.420661194
CLY24.C8BC.360_PM_e2_p1,3.665014625
CLY24.C8BC.360_PM_e3_p1,3.178097825
CLY24.C8BC.360_PM_e4_p1,3.35743163
CLY24.C8BC.361_PM_e1_p1,1.733303292
CLY24.C8BC.361_PM_e2_p1,1.694125713
CLY24.C8BC.361_PM_e3_p1,3.325317757
CLY24.C8BC.361_PM_e4_p1,2.974980274
CLY24.C8BC.364_PM_e1_p1,1.699348917
CLY24.C8BC.364_PM_e2_p1,1.375650114
CLY24.C8BC.364_PM_e3_p1,1.918275128
CLY24.C8BC.364_PM_e4_p1,1.798947356
CLY24.C8BC.367_PM_e1_p1,2.469790677
CLY24.C8BC.367_PM_e2_p1,2.893871734
CLY24.C8BC.367_PM_e3_p1,3.273263753
CLY24.C8BC.367_PM_e4_p1,3.237554074
CLY24.C8BC.37_PM_e1_p1,1.27977103
CLY24.C8BC.37_PM_e2_p1,2.611313502
CLY24.C8BC.37_PM_e3_p1,3.254582426
CLY24.C8BC.37_PM_e4_p1,3.014219767
CLY24.C8BC.370_PM_e1_p1,1.245907003
CLY24.C8BC.370_PM_e2_p1,1.974978373
CLY24.C8BC.370_PM_e3_p1,3.156051604
CLY24.C8BC.370_PM_e4_p1,3.387571715
CLY24.C8BC.373_PM_e1_p1,1.982140432
CLY24.C8BC.373_PM_e2_p1,2.632719453
CLY24.C8BC.373_PM_e3_p1,3.324432543
CLY24.C8BC.373_PM_e4_p1,1.300708869
CLY24.C8BC.4_PM_e1_p1,5.52190798
CLY24.C8BC.4_PM_e2_p1,2.665266244
CLY24.C8BC.4_PM_e3_p1,2.000003904
CLY24.C8BC.4_PM_e4_p1,4.04123251
CLY24.C8BC.40_PM_e1_p1,1.513349279
CLY24.C8BC.40_PM_e2_p1,2.291618497
CLY24.C8BC.40_PM_e3_p1,2.037138125
CLY24.C8BC.40_PM_e4_p1,2.222056212
CLY24.C8BC.43_PM_e1_p1,1.565141581
CLY24.C8BC.43_PM_e2_p1,2.702510298
CLY24.C8BC.43_PM_e3_p1,1.814690522
CLY24.C8BC.43_PM_e4_p1,1.777071724
CLY24.C8BC.48_PM_e1_p1,3.319454361
CLY24.C8BC.48_PM_e2_p1,1.757712766
CLY24.C8BC.48_PM_e3_p1,2.675996346
CLY24.C8BC.48_PM_e4_p1,2.141236157
CLY24.C8BC.51_PM_e1_p1,1.973704524
CLY24.C8BC.51_PM_e2_p1,2.32705971
CLY24.C8BC.51_PM_e3_p1,2.758584624
CLY24.C8BC.51_PM_e4_p1,1.688188663
CLY24.C8BC.54_PM_e1_p1,4.541430089
CLY24.C8BC.54_PM_e2_p1,2.117073403
CLY24.C8BC.54_PM_e3_p1,2.779856304
CLY24.C8BC.54_PM_e4_p1,2.491685997
CLY24.C8BC.57_PM_e1_p1,5.4936568
CLY24.C8BC.57_PM_e2_p1,4.155303172
CLY24.C8BC.57_PM_e3_p1,5.02164762
CLY24.C8BC.57_PM_e4_p1,5.809823916
CLY24.C8BC.60_PM_e1_p1,2.302255125
CLY24.C8BC.60_PM_e2_p1,2.21709028
CLY24.C8BC.60_PM_e3_p1,2.756693537
CLY24.C8BC.60_PM_e4_p1,2.247037255
CLY24.C8BC.61_PM_e1_p1,2.396243154
CLY24.C8BC.61_PM_e2_p1,2.469300598
CLY24.C8BC.61_PM_e3_p1,2.44555995
CLY24.C8BC.61_PM_e4_p1,2.379602323
CLY24.C8BC.64_PM_e1_p1,2.295888238
CLY24.C8BC.64_PM_e2_p1,1.872547816
CLY24.C8BC.64_PM_e3_p1,0.963847379
CLY24.C8BC.64_PM_e4_p1,1.295151116
CLY24.C8BC.67_PM_e1_p1,2.167703022
CLY24.C8BC.67_PM_e2_p1,1.690763589
CLY24.C8BC.67_PM_e3_p1,2.856240704
CLY24.C8BC.67_PM_e4_p1,2.67150255
CLY24.C8BC.7_PM_e1_p1,0.08337257
CLY24.C8BC.7_PM_e2_p1,2.538686448
CLY24.C8BC.7_PM_e3_p1,0.792941374
CLY24.C8BC.7_PM_e4_p1,2.367638158
CLY24.C8BC.70_PM_e1_p1,2.817104729
CLY24.C8BC.70_PM_e2_p1,2.591968629
CLY24.C8BC.70_PM_e3_p1,3.239472361
CLY24.C8BC.70_PM_e4_p1,2.341080815
CLY24.C8BC.73_PM_e1_p1,1.04906143
CLY24.C8BC.73_PM_e2_p1,2.775548208
CLY24.C8BC.73_PM_e3_p1,1.606391753
CLY24.C8BC.73_PM_e4_p1,2.448425313